first_name,last_name
Anders,Jensen
Mette,Sørensen
Søren,Nielsen
Louise,Hansen
Thomas,Pedersen
Camilla,Madsen
Jesper,Christensen
Rikke,Larsen
Lars,Rasmussen
Maria,Jørgensen
Peter,Mortensen
Trine,Poulsen
Henrik,Kristensen
Anne,Knudsen
Brian,Thomsen
Stine,Clausen
Martin,Olesen
Lotte,Holm
Jan,Mikkelsen
Helle,Andreasen
Michael,Jeppesen
Tine,Lindberg
Bo,Jakobsen
Anja,Lauritsen
Kenneth,Bøgh
Jeanette,Kristiansen
René,Kjær
Gitte,Skov
Johnny,Simonsen
Susanne,Mogensen
Allan,Toft
Charlotte,Dalsgaard
Kim,Winther
Hanne,Østergaard
Christian,Friis
Bente,Bak
Claus,Villadsen
Pernille,Munch
Mads,Gregersen
Christina,Kragh
Nicolai,Dam
Malene,Ravn
Rasmus,Brandt
Line,Aagaard
Jonas,Vestergaard
Dorte,Ehlers
Jakob,Bro
Heidi,Møller
Dennis,Krogh
Vibeke,Abildgaard
Carsten,Riis
Eva,Terkelsen
Torben,Hald
Sanne,Rahbek
Ole,Boesen
Karina,Brøndum
Frederik,Nygaard
Betina,Thorsen
Jesper,Ahrenkiel
Maj-Britt,Enevoldsen
Morten,Dalgaard
Maja,Lund
Kasper,Bang
Lisbeth,Høgh
Nicklas,Hede
Signe,Vang
Nicolaj,Mørk
Mie,Bjerg
Daniel,Seerup
Kristina,Fabricius
Steen,Ahlgren
Lene,Justesen
Patrick,Kolby
Mia,Hviid
Philip,Kirkegaard
Diana,Storm
Emil,Bach
Katrine,Glavind
Nicoline,Koch
Rune,Dreyer
Frank,Boe
Merete,Falk
Johnny,Præst
Lone,Skytte
Preben,Ring
Dorte,Veje
Thomas,Skafte
Annette,Rosted
Michael,Rahn
Camilla,Plum
Esben,Lunding
Helena,Bay
Simon,Leth
Mette,Krogsgaard
Allan,Bundgaard
Anne-Mette,Illum
Rasmus,Hertz
Christina,Hørdum
Niels,Ladegaard
Pia,Callesen
Jacob,Haugaard
Pernille,Hesselbjerg
Tobias,Nørgaard
Lars,Klitgaard
Anette,Stokholm
Kristoffer,Buch
Rikke,Damgaard
Nina,Schmidt
Peter,Abrahamsen
Karen,Tofte
Martin,Mejlvang
Charlotte,Bruun
Anders,Brinch
Helene,Vestergård
Søren,Isaksen
Gitte,Snedker
Jesper,Stensgaard
Marianne,Graversen
Michael,Stenstrup
Jeanette,Skou
Thomas,Engholm
Sofie,Nyholm
Kenneth,Leth
Trine,Mose
Dennis,Graversen
Line,Holmberg
Henrik,Westh
Sanne,Just
Allan,Falkenberg
Louise,Engberg
Rasmus,Mørch
Camilla,Grøn
Torben,Hassing
Mette,Dideriksen
Bo,Falk
Christina,Brandt
Jonas,Bredahl
Karina,Friis
Nicklas,Bach
Annette,Jakobsen
Daniel,Dalsgaard
Vibeke,Justesen
Nicolai,Kruse
Helle,Lauridsen
Jan,Brovst
Stine,Thygesen
Philip,Gravgaard
Heidi,Frandsen
Patrick,Bech
Maja,Langkjær
Simon,Rasmussen
Malene,Skytte
Esben,Husted
Diana,Lykke
Claus,Holst
Mia,Svenningsen
Steen,Brink
Anne,Hjulmand
Johnny,Hjorth
Katrine,Søborg
Preben,Bach
Signe,Nørskov
Martin,Kaas
Anne,Malling
Frank,Busk
Jeanette,Stjerne
Peter,Brandstrup
Tine,Vedel
Michael,Holm
Rikke,Mark
Allan,Ravn
Maria,Winther
Brian,Lykke
Trine,Haagensen
Kenneth,Marcussen
Louise,Møller
Dennis,Schrøder
Camilla,Hall
Jesper,Thyrrestrup
Bente,Lauritzen
Jakob,Munch
Anja,Dahl
Christian,Hald
Mette,Skaarup
Jonas,Nørregaard
Gitte,Greve
Thomas,Damm
Susanne,Thybo
Niels,Bjerregaard
Pia,Holten
René,Bertelsen
Charlotte,Sloth
Lars,Dam
Kristina,Bræmer
Henrik,Schack
Mads,Westermann
Karina,Flensted
Nicoline,Bennedsen
Ole,Vang
Vibeke,Niemann
Søren,Hoffmann
Lotte,Bjørn
Nicklas,Ringsted
Malene,Hviid
Philip,Haahr
Anne,Weis
Anders,Refslund
Tobias,Laursen
Rikke,Bredal
Line,Bloch
Bo,Winther
Mia,Torp
Kasper,Hvidt
Dorte,La Cour
Steen,Kolding
Heidi,Just
Jacob,Buch
Maria,Skafte
Christian,Toft
Louise,Bang
Kim,Herlufsen
Annette,Skov
Dennis,Eskildsen
Katrine,Skytte
Esben,Krøyer
Jeanette,Malling
Peter,Overgaard
Mette,Bjerring
Jesper,Dahl
Nina,Skytte
Thomas,Hagedorn
Camilla,Eskesen
Martin,Gormsen
Kristina,Blicher
Sanne,Helt
Jonas,Seerup
Henrik,Blichfeldt
Heidi,Aggerholm
Brian,Skou
Trine,Meier
Allan,Svenstrup
Helena,Falkenberg
Philip,Bendsen
Louise,Storgaard
Nicklas,Trier
Charlotte,Bæk
Jacob,Hald
Pernille,Mølholm
Simon,Thisted
Lone,Vester
Søren,Brandstrup
Karen,Bjørnsen
Michael,Gertz
Rikke,Vedel
Jesper,Høj
Stine,Askjær
Niels,Enevoldsen
Line,Kure
Bo,Bjerre
Malene,Enggaard
Kristoffer,Mejlvang
Anne-Mette,Nyborg
Morten,Høegh
Christina,Egede
Frank,Stær
Pia,Herskind
René,Nystrøm
Lene,Vest
Kasper,Skytte
Maria,Dahlin
Peter,Thomsen
Mette,Lykke
Claus,Haastrup
Signe,Højlund
Ole,Frandsen
Tine,Bramsen
Kim,Skibsted
Camilla,Nørup
Daniel,Madsen
Anne,Sørum
Patrick,Kragh
Helene,Bendixen
Jesper,Dideriksen
Bente,Vestergård
Jonas,Kure
Heidi,Sonne
Carsten,Nyborg
Gitte,Dideriksen
Brian,Kjeldsen
Lars,Kaspersen
Vibeke,Daugaard
Dennis,Fogh
Mia,Hede
Christian,Trier
Katrine,Damgaard
Johnny,Thomassen
Lene,Hviid
Rune,Kaas
Stine,Bækkelund
Rasmus,Holten
Karen,Friis
