ServiceName,Proportionality
Strategic IT Infrastructure Implementation,9.236283429831817
Manufacturing Equipment Maintenance Contract,7.168458781362006
International Marketing Campaign Management,6.61703887510339
Retail Store Fit-Out Services,5.92776399228012
SAP Enterprise License,5.100634132892197
Product Safety Certification and Testing,4.411359250068927
Large-Scale Event Sponsorship Fees,3.997794320374965
Global Legal Retainer,3.722084367245657
Brand Licensing Agreements,3.4463744141163497
Packaging Design and Procurement,2.8949545078577335
Customs Brokerage Services,2.7570995312930795
Market Research and Consumer Insights,2.6192445547284255
Corporate Insurance Brokerage,2.4813895781637716
3PL (Third-Party Logistics) Services,2.343534601599117
Digital Transformation Consulting,2.2056796250344637
Recruitment Process Outsourcing (RPO),2.0678246484698093
Facilities Management Contract,1.9299696719051556
Environmental Compliance Audits,1.6542597187758474
Global Tax Advisory Services,1.5164047422111937
Employee Relocation Services,1.350978770333609
Sustainability Reporting Consulting,1.323407775020678
Regional Payroll Processing Services,1.2958367797077472
Custom E-commerce Platform Support,1.2682657843948166
HR Benefits Administration,1.2406947890818858
IT Helpdesk and Support Contract,1.213123793768955
Janitorial Services,1.1855527984560241
Translation and Localization Services,1.1304108078301627
Custom CRM Support and Maintenance,1.1028398125172318
Travel Management Services,1.075268817204301
Digital Content Production Services,1.0476978218913702
Corporate Training Programs,1.0201268265784393
Recruitment Agency Fees,0.9925558312655085
Health and Safety Audits,0.9374138406396471
Office Security Services,0.9098428453267162
Waste Management Contract,0.8822718500137855
Document Shredding Services,0.8547008547008547
Accounting and Audit Services,0.8271298593879237
Legal Document Review Fees,0.799558864074993
Microsoft 365 Enterprise License,0.7719878687620623
Telecommunications Services,0.7444168734491315
Adobe Creative Cloud Subscription,0.7168458781362007
Video Conferencing Platform Subscription (Zoom),0.6892748828232699
Power BI Pro License,0.661703887510339
Antivirus Software Subscription,0.6341328921974083
Domain Registration and Hosting,0.6065618968844775
Cloud File Storage Plan (OneDrive/Dropbox),0.5789909015715466
Expense Management Software License,0.5514199062586159
Time Tracking Software Subscription,0.5238489109456851
E-signature Platform Subscription (DocuSign),0.49627791563275425
Online Survey Tool Subscription,0.46870692031982353
